Book Title,Author,Edition,Product Type,Copyright Year,Copyright Holder,Print ISBN,Electronic ISBN,Language,Language Collection,eBook Package,English Package Name,German Package Name,Series Print ISSN,Series Electronic ISSN,Series Title,Volume Number,DOI URL,OpenURL,Subject Classification,Publisher,Imprint
All of Statistics,Larry Wasserman,2004,Graduate/advanced undergraduate textbook,2004,Springer-Verlag New York,978-0-387-40272-7,978-0-387-21736-9,EN,English/International,11649,Mathematics and Statistics,,1431-875X,2197-4136,Springer Texts in Statistics,,http://doi.org/10.1007/978-0-387-21736-9,http://link.springer.com/openurl?genre=book&isbn=978-0-387-21736-9,"Mathematics; Computational Mathematics and Numerical Analysis; Probability Theory and Stochastic Processes; Complex Systems; Statistical Theory and Methods; Probability and Statistics in Computer Science; Statistics for Engineering, Physics, Computer Science, Chemistry and Earth Sciences",Springer New York,Springer
Discrete Mathematics,"László Lovász, József Pelikán, Katalin Vesztergombi",2003,Undergraduate textbook,2003,Springer-Verlag New York,978-0-387-95584-1,978-0-387-21777-2,EN,English/International,11649,Mathematics and Statistics,,0172-6056,2197-5604,Undergraduate Texts in Mathematics,,http://doi.org/10.1007/b97469,http://link.springer.com/openurl?genre=book&isbn=978-0-387-21777-2,Mathematics; Combinatorics; Number Theory,Springer New York,Springer
Numerical Optimization,"Jorge Nocedal, Stephen Wright",2nd ed. 2006,Graduate/advanced undergraduate textbook,2006,Springer-Verlag New York,978-0-387-30303-1,978-0-387-40065-5,EN,English/International,11649,Mathematics and Statistics,,1431-8598,2197-1773,Springer Series in Operations Research and Financial Engineering,,http://doi.org/10.1007/978-0-387-40065-5,http://link.springer.com/openurl?genre=book&isbn=978-0-387-40065-5,"Mathematics; Optimization; Calculus of Variations and Optimal Control; Optimization; Systems Theory, Control; Computational Mathematics and Numerical Analysis; Operations Research/Decision Theory",Springer New York,Springer
Time Series Analysis,"Jonathan D. Cryer, Kung-Sik Chan",2nd ed. 2008,Graduate/advanced undergraduate textbook,2008,Springer-Verlag New York,978-0-387-75958-6,978-0-387-75959-3,EN,English/International,11649,Mathematics and Statistics,,1431-875X,2197-4136,Springer Texts in Statistics,,http://doi.org/10.1007/978-0-387-75959-3,http://link.springer.com/openurl?genre=book&isbn=978-0-387-75959-3,Mathematics; Probability Theory and Stochastic Processes; Statistical Theory and Methods; Actuarial Sciences,Springer New York,Springer
Introductory Statistics with R,Peter Dalgaard,2nd ed. 2008,Undergraduate textbook,2008,Springer-Verlag New York,978-0-387-79053-4,978-0-387-79054-1,EN,English/International,11649,Mathematics and Statistics,,1431-8784,2197-1706,Statistics and Computing,,http://doi.org/10.1007/978-0-387-79054-1,http://link.springer.com/openurl?genre=book&isbn=978-0-387-79054-1,Mathematics; Probability Theory and Stochastic Processes; Statistics and Computing/Statistics Programs; Bioinformatics; Computer Appl. in Life Sciences,Springer New York,Springer
The Elements of Statistical Learning,"Trevor Hastie, Robert Tibshirani, Jerome Friedman",2nd ed. 2009,Graduate/advanced undergraduate textbook,2009,Springer-Verlag New York,978-0-387-84857-0,978-0-387-84858-7,EN,English/International,11649,Mathematics and Statistics,,0172-7397,2197-568X,Springer Series in Statistics,,http://doi.org/10.1007/978-0-387-84858-7,http://link.springer.com/openurl?genre=book&isbn=978-0-387-84858-7,Computer Science; Data Mining and Knowledge Discovery; Probability Theory and Stochastic Processes; Statistical Theory and Methods; Computational Biology/Bioinformatics; Computer Appl. in Life Sciences,Springer New York,Springer
Introductory Time Series with R,"Paul S.P. Cowpertwait, Andrew V. Metcalfe",2009,Graduate/advanced undergraduate textbook,2009,Springer-Verlag New York,978-0-387-88697-8,978-0-387-88698-5,EN,English/International,11649,Mathematics and Statistics,,2197-5736,2197-5744,Use R!,,http://doi.org/10.1007/978-0-387-88698-5,http://link.springer.com/openurl?genre=book&isbn=978-0-387-88698-5,"Mathematics; Probability Theory and Stochastic Processes; Statistical Theory and Methods; Probability and Statistics in Computer Science; Marketing; Econometrics; Signal, Image and Speech Processing",Springer New York,Springer
A Beginner's Guide to R,"Alain Zuur, Elena N. Ieno, Erik Meesters",2009,Graduate/advanced undergraduate textbook,2009,Springer-Verlag New York,978-0-387-93836-3,978-0-387-93837-0,EN,English/International,11649,Mathematics and Statistics,,2197-5736,2197-5744,Use R!,,http://doi.org/10.1007/978-0-387-93837-0,http://link.springer.com/openurl?genre=book&isbn=978-0-387-93837-0,"Statistics; Statistics and Computing/Statistics Programs; Theoretical Ecology/Statistics; Statistics for Life Sciences, Medicine, Health Sciences",Springer New York,Springer
"Reading, Writing, and Proving","Ulrich Daepp, Pamela Gorkin",2nd ed. 2011,Undergraduate textbook,2011,"Springer Science+Business Media,LLC",978-1-4419-9478-3,978-1-4419-9479-0,EN,English/International,11649,Mathematics and Statistics,,0172-6056,2197-5604,Undergraduate Texts in Mathematics,,http://doi.org/10.1007/978-1-4419-9479-0,http://link.springer.com/openurl?genre=book&isbn=978-1-4419-9479-0,Mathematics; Mathematical Logic and Foundations; Analysis; Number Theory,Springer New York,Springer
Introduction to Partial Differential Equations,David Borthwick,1st ed. 2016,Graduate/advanced undergraduate textbook,2016,Springer International Publishing AG,978-3-319-48934-6,978-3-319-48936-0,EN,English/International,11649,Mathematics and Statistics,,0172-5939,2191-6675,Universitext,,http://doi.org/10.1007/978-3-319-48936-0,http://link.springer.com/openurl?genre=book&isbn=978-3-319-48936-0,Mathematics; Partial Differential Equations; Mathematical Applications in the Physical Sciences,Springer International Publishing,Springer
Introduction to Partial Differential Equations,Peter J. Olver,2014,Undergraduate textbook,2014,Springer International Publishing Switzerland,978-3-319-02098-3,978-3-319-02099-0,EN,English/International,11649,Mathematics and Statistics,,0172-6056,2197-5604,Undergraduate Texts in Mathematics,,http://doi.org/10.1007/978-3-319-02099-0,http://link.springer.com/openurl?genre=book&isbn=978-3-319-02099-0,Mathematics; Partial Differential Equations; Complex Systems; Fourier Analysis,Springer International Publishing,Springer
Methods of Mathematical Modelling,"Thomas Witelski, Mark Bowen",1st ed. 2015,Undergraduate textbook,2015,Springer International Publishing Switzerland,978-3-319-23041-2,978-3-319-23042-9,EN,English/International,11649,Mathematics and Statistics,,1615-2085,2197-4144,Springer Undergraduate Mathematics Series,,http://doi.org/10.1007/978-3-319-23042-9,http://link.springer.com/openurl?genre=book&isbn=978-3-319-23042-9,Mathematics; Ordinary Differential Equations; Partial Differential Equations; Mathematical Applications in the Physical Sciences; Mathematical Modeling and Industrial Mathematics; Calculus of Variations and Optimal Control; Optimization,Springer International Publishing,Springer
Introduction to Statistics and Data Analysis ,"Christian Heumann, Michael Schomaker,  Shalabh",1st ed. 2016,Graduate/advanced undergraduate textbook,2016,Springer International Publishing Switzerland,978-3-319-46160-1,978-3-319-46162-5,EN,English/International,11649,Mathematics and Statistics,,,,,,http://doi.org/10.1007/978-3-319-46162-5,http://link.springer.com/openurl?genre=book&isbn=978-3-319-46162-5,Statistics; Statistical Theory and Methods; Statistics for Business/Economics/Mathematical Finance/Insurance; Econometrics; Macroeconomics/Monetary Economics//Financial Economics,Springer International Publishing,Springer
Classical Fourier Analysis,Loukas Grafakos,3rd ed. 2014,Graduate/advanced undergraduate textbook,2014,Springer Science+Business Media New York,978-1-4939-1193-6,978-1-4939-1194-3,EN,English/International,11649,Mathematics and Statistics,,0072-5285,2197-5612,Graduate Texts in Mathematics,249,http://doi.org/10.1007/978-1-4939-1194-3,http://link.springer.com/openurl?genre=book&isbn=978-1-4939-1194-3,Mathematics; Fourier Analysis; Abstract Harmonic Analysis; Functional Analysis,Springer New York,Springer
Quantum Theory for Mathematicians,Brian C. Hall,2013,Graduate/advanced undergraduate textbook,2013,Springer Science+Business Media New York,978-1-4614-7115-8,978-1-4614-7116-5,EN,English/International,11649,Mathematics and Statistics,,0072-5285,2197-5612,Graduate Texts in Mathematics,267,http://doi.org/10.1007/978-1-4614-7116-5,http://link.springer.com/openurl?genre=book&isbn=978-1-4614-7116-5,"Mathematics; Mathematical Physics; Mathematical Applications in the Physical Sciences; Quantum Physics; Functional Analysis; Topological Groups, Lie Groups; Mathematical Methods in Physics",Springer New York,Springer
"Brownian Motion, Martingales, and Stochastic Calculus ",Jean-François Le Gall,1st ed. 2016,Graduate/advanced undergraduate textbook,2016,Springer International Publishing Switzerland,978-3-319-31088-6,978-3-319-31089-3,EN,English/International,11649,Mathematics and Statistics,,0072-5285,2197-5612,Graduate Texts in Mathematics,274,http://doi.org/10.1007/978-3-319-31089-3,http://link.springer.com/openurl?genre=book&isbn=978-3-319-31089-3,"Mathematics; Probability Theory and Stochastic Processes; Quantitative Finance; Measure and Integration; Mathematical Modeling and Industrial Mathematics; Systems Theory, Control",Springer International Publishing,Springer
Design and Analysis of Experiments,"Angela Dean, Daniel Voss, Danel Draguljić",2nd ed. 2017,Graduate/advanced undergraduate textbook,2017,Springer International Publishing AG,978-3-319-52248-7,978-3-319-52250-0,EN,English/International,11649,Mathematics and Statistics,,1431-875X,2197-4136,Springer Texts in Statistics,,http://doi.org/10.1007/978-3-319-52250-0,http://link.springer.com/openurl?genre=book&isbn=978-3-319-52250-0,"Statistics; Statistical Theory and Methods; Probability Theory and Stochastic Processes; Statistics for Engineering, Physics, Computer Science, Chemistry and Earth Sciences",Springer International Publishing,Springer
Applied Multivariate Statistical Analysis,"Wolfgang Karl Härdle, Léopold Simar",4th ed. 2015,Graduate/advanced undergraduate textbook,2015,Springer-Verlag Berlin Heidelberg,978-3-662-45170-0,978-3-662-45171-7,EN,English/International,11649,Mathematics and Statistics,,,,,,http://doi.org/10.1007/978-3-662-45171-7,http://link.springer.com/openurl?genre=book&isbn=978-3-662-45171-7,Statistics; Statistics for Business/Economics/Mathematical Finance/Insurance; Quantitative Finance; Economic Theory/Quantitative Economics/Mathematical Methods; Statistical Theory and Methods,Springer Berlin Heidelberg,Springer
Probability,Jim Pitman,1993,Undergraduate textbook,1993,Springer Science+Business Media LLC,978-0-387-97974-8,978-1-4612-4374-8,EN,English/International,11649,Mathematics and Statistics,,1431-875X,2197-4136,Springer Texts in Statistics,,http://doi.org/10.1007/978-1-4612-4374-8,http://link.springer.com/openurl?genre=book&isbn=978-1-4612-4374-8,Mathematics; Probability Theory and Stochastic Processes; Statistical Theory and Methods,Springer New York,Springer
Modeling Life,"Alan Garfinkel, Jane Shevtsov, Yina Guo",1st ed. 2017,Undergraduate textbook,2017,Springer International Publishing AG,978-3-319-59730-0,978-3-319-59731-7,EN,English/International,11649,Mathematics and Statistics,,,,,,http://doi.org/10.1007/978-3-319-59731-7,http://link.springer.com/openurl?genre=book&isbn=978-3-319-59731-7,Mathematics; Mathematical and Computational Biology; Mathematical Modeling and Industrial Mathematics; Ordinary Differential Equations,Springer International Publishing,Springer
Business Statistics for Competitive Advantage with Excel 2016 ,Cynthia Fraser,1st ed. 2016,Graduate/advanced undergraduate textbook,2016,Springer International Publishing Switzerland,978-3-319-32184-4,978-3-319-32185-1,EN,English/International,11649,Mathematics and Statistics,,,,,,http://doi.org/10.1007/978-3-319-32185-1,http://link.springer.com/openurl?genre=book&isbn=978-3-319-32185-1,Statistics; Statistics for Business/Economics/Mathematical Finance/Insurance; Management; Market Research/Competitive Intelligence,Springer International Publishing,Springer
A Primer on Scientific Programming with Python,Hans Petter Langtangen,5th ed. 2016,Undergraduate textbook,2016,Springer-Verlag Berlin Heidelberg,978-3-662-49886-6,978-3-662-49887-3,EN,English/International,11649,Mathematics and Statistics,,1611-0994,2197-179X,Texts in Computational Science and Engineering,6,http://doi.org/10.1007/978-3-662-49887-3,http://link.springer.com/openurl?genre=book&isbn=978-3-662-49887-3,"Mathematics; Computational Science and Engineering; Programming Techniques; Mathematics of Computing; Numerical and Computational Physics, Simulation",Springer Berlin Heidelberg,Springer
Statistical Analysis and Data Display,"Richard M. Heiberger, Burt Holland",2nd ed. 2015,Graduate/advanced undergraduate textbook,2015,Springer Science+Business Media New York,978-1-4939-2121-8,978-1-4939-2122-5,EN,English/International,11649,Mathematics and Statistics,,1431-875X,2197-4136,Springer Texts in Statistics,,http://doi.org/10.1007/978-1-4939-2122-5,http://link.springer.com/openurl?genre=book&isbn=978-1-4939-2122-5,"Statistics; Statistical Theory and Methods; Statistics and Computing/Statistics Programs; Statistics for Engineering, Physics, Computer Science, Chemistry and Earth Sciences",Springer New York,Springer
Elementary Analysis,Kenneth A. Ross,2nd ed. 2013,Undergraduate textbook,2013,Springer Science+Business Media New York,978-1-4614-6270-5,978-1-4614-6271-2,EN,English/International,11649,Mathematics and Statistics,,0172-6056,2197-5604,Undergraduate Texts in Mathematics,,http://doi.org/10.1007/978-1-4614-6271-2,http://link.springer.com/openurl?genre=book&isbn=978-1-4614-6271-2,Mathematics; Analysis; Real Functions,Springer New York,Springer
Probability Theory,Alexandr A. Borovkov,2013,Graduate/advanced undergraduate textbook,2013,Springer-Verlag London,978-1-4471-5200-2,978-1-4471-5201-9,EN,English/International,11649,Mathematics and Statistics,,0172-5939,2191-6675,Universitext,,http://doi.org/10.1007/978-1-4471-5201-9,http://link.springer.com/openurl?genre=book&isbn=978-1-4471-5201-9,Mathematics; Probability Theory and Stochastic Processes,Springer London,Springer
Statistics and Data Analysis for Financial Engineering,"David Ruppert, David S. Matteson",2nd ed. 2015,Graduate/advanced undergraduate textbook,2015,Springer Science+Business Media New York,978-1-4939-2613-8,978-1-4939-2614-5,EN,English/International,11649,Mathematics and Statistics,,1431-875X,2197-4136,Springer Texts in Statistics,,http://doi.org/10.1007/978-1-4939-2614-5,http://link.springer.com/openurl?genre=book&isbn=978-1-4939-2614-5,"Statistics; Statistics for Business/Economics/Mathematical Finance/Insurance; Quantitative Finance; Statistical Theory and Methods; Finance, general",Springer New York,Springer
Differential Equations and Their Applications,Martin Braun,4th ed. 1993,Undergraduate textbook,1993,Springer Science+Business Media New York,978-0-387-97894-9,978-1-4612-4360-1,EN,English/International,11649,Mathematics and Statistics,,0939-2475,2196-9949,Texts in Applied Mathematics,11,http://doi.org/10.1007/978-1-4612-4360-1,http://link.springer.com/openurl?genre=book&isbn=978-1-4612-4360-1,Mathematics; Analysis,Springer New York,Springer
Partial Differential Equations,Jürgen Jost,3rd ed. 2013,Graduate/advanced undergraduate textbook,2013,Springer Science+Business Media LLC,978-1-4614-4808-2,978-1-4614-4809-9,EN,English/International,11649,Mathematics and Statistics,,0072-5285,2197-5612,Graduate Texts in Mathematics,214,http://doi.org/10.1007/978-1-4614-4809-9,http://link.springer.com/openurl?genre=book&isbn=978-1-4614-4809-9,"Mathematics; Partial Differential Equations; Theoretical, Mathematical and Computational Physics",Springer New York,Springer
Bayesian and Frequentist Regression Methods,Jon Wakefield,2013,Graduate/advanced undergraduate textbook,2013,Springer Science+Business Media New York,978-1-4419-0924-4,978-1-4419-0925-1,EN,English/International,11649,Mathematics and Statistics,,0172-7397,2197-568X,Springer Series in Statistics,,http://doi.org/10.1007/978-1-4419-0925-1,http://link.springer.com/openurl?genre=book&isbn=978-1-4419-0925-1,"Statistics; Statistical Theory and Methods; Statistics, general",Springer New York,Springer
Introduction to Time Series and Forecasting,"Peter J. Brockwell, Richard A. Davis",3rd ed. 2016,Graduate/advanced undergraduate textbook,2016,Springer International Publishing Switzerland,978-3-319-29852-8,978-3-319-29854-2,EN,English/International,11649,Mathematics and Statistics,,1431-875X,2197-4136,Springer Texts in Statistics,,http://doi.org/10.1007/978-3-319-29854-2,http://link.springer.com/openurl?genre=book&isbn=978-3-319-29854-2,"Statistics; Statistical Theory and Methods; Statistics for Business/Economics/Mathematical Finance/Insurance; Econometrics; Statistics for Engineering, Physics, Computer Science, Chemistry and Earth Sciences",Springer International Publishing,Springer
Introduction to Smooth Manifolds,John Lee,2nd ed. 2013,Graduate/advanced undergraduate textbook,2012,Springer Science+Business Media New York,978-1-4419-9981-8,978-1-4419-9982-5,EN,English/International,11649,Mathematics and Statistics,,0072-5285,2197-5612,Graduate Texts in Mathematics,218,http://doi.org/10.1007/978-1-4419-9982-5,http://link.springer.com/openurl?genre=book&isbn=978-1-4419-9982-5,Mathematics; Differential Geometry,Springer New York,Springer
Multivariate Calculus and Geometry,Seán Dineen,3rd ed. 2014,Undergraduate textbook,2014,Springer-Verlag London,978-1-4471-6418-0,978-1-4471-6419-7,EN,English/International,11649,Mathematics and Statistics,,1615-2085,2197-4144,Springer Undergraduate Mathematics Series,,http://doi.org/10.1007/978-1-4471-6419-7,http://link.springer.com/openurl?genre=book&isbn=978-1-4471-6419-7,"Mathematics; Mathematics, general",Springer London,Springer
Representation Theory,"William Fulton, Joe Harris",2004,Graduate/advanced undergraduate textbook,2004,Springer Science+Business Media New York,978-0-387-97495-8,978-1-4612-0979-9,EN,English/International,11649,Mathematics and Statistics,,0072-5285,2197-5612,Graduate Texts in Mathematics,129,http://doi.org/10.1007/978-1-4612-0979-9,http://link.springer.com/openurl?genre=book&isbn=978-1-4612-0979-9,"Mathematics; Topological Groups, Lie Groups",Springer New York,Springer
Linear Algebra Done Right,Sheldon Axler,3rd ed. 2015,Undergraduate textbook,2015,Springer International Publishing,978-3-319-11079-0,978-3-319-11080-6,EN,English/International,11649,Mathematics and Statistics,,0172-6056,2197-5604,Undergraduate Texts in Mathematics,,http://doi.org/10.1007/978-3-319-11080-6,http://link.springer.com/openurl?genre=book&isbn=978-3-319-11080-6,"Mathematics; Linear and Multilinear Algebras, Matrix Theory",Springer International Publishing,Springer
Linear Algebra,"Jörg Liesen, Volker Mehrmann",1st ed. 2015,Undergraduate textbook,2015,Springer International Publishing Switzerland,978-3-319-24344-3,978-3-319-24346-7,EN,English/International,11649,Mathematics and Statistics,,1615-2085,2197-4144,Springer Undergraduate Mathematics Series,,http://doi.org/10.1007/978-3-319-24346-7,http://link.springer.com/openurl?genre=book&isbn=978-3-319-24346-7,"Mathematics; Linear and Multilinear Algebras, Matrix Theory",Springer International Publishing,Springer
Algebra,Serge Lang,3rd ed. 2002,Graduate/advanced undergraduate textbook,2002,Springer Science+Business Media New York,978-0-387-95385-4,978-1-4613-0041-0,EN,English/International,11649,Mathematics and Statistics,,0072-5285,2197-5612,Graduate Texts in Mathematics,211,http://doi.org/10.1007/978-1-4613-0041-0,http://link.springer.com/openurl?genre=book&isbn=978-1-4613-0041-0,"Mathematics; Algebra; Commutative Rings and Algebras; Linear and Multilinear Algebras, Matrix Theory; Associative Rings and Algebras; Group Theory and Generalizations",Springer New York,Springer
Understanding Analysis,Stephen Abbott,2nd ed. 2015,Undergraduate textbook,2015,Springer Science+Business Media New York,978-1-4939-2711-1,978-1-4939-2712-8,EN,English/International,11649,Mathematics and Statistics,,0172-6056,2197-5604,Undergraduate Texts in Mathematics,,http://doi.org/10.1007/978-1-4939-2712-8,http://link.springer.com/openurl?genre=book&isbn=978-1-4939-2712-8,Mathematics; Analysis,Springer New York,Springer
Ordinary Differential Equations,"William A. Adkins, Mark G. Davidson",2012,Undergraduate textbook,2012,Springer Science+Business Media New York,978-1-4614-3617-1,978-1-4614-3618-8,EN,English/International,11649,Mathematics and Statistics,,0172-6056,2197-5604,Undergraduate Texts in Mathematics,,http://doi.org/10.1007/978-1-4614-3618-8,http://link.springer.com/openurl?genre=book&isbn=978-1-4614-3618-8,Mathematics; Ordinary Differential Equations,Springer New York,Springer
Understanding Statistics Using R,"Randall Schumacker, Sara Tomek",2013,Graduate/advanced undergraduate textbook,2013,Springer Science+Business Media New York,978-1-4614-6226-2,978-1-4614-6227-9,EN,English/International,11649,Mathematics and Statistics,,,,,,http://doi.org/10.1007/978-1-4614-6227-9,http://link.springer.com/openurl?genre=book&isbn=978-1-4614-6227-9,"Statistics; Statistics and Computing/Statistics Programs; Statistics for Social Science, Behavorial Science, Education, Public Policy, and Law; Statistics, general",Springer New York,Springer
Survival Analysis,"David G. Kleinbaum, Mitchel Klein",3rd ed. 2012,Graduate/advanced undergraduate textbook,2012,"Springer Science+Business Media, LLC",978-1-4419-6645-2,978-1-4419-6646-9,EN,English/International,11649,Mathematics and Statistics,,1431-8776,2197-5671,Statistics for Biology and Health,,http://doi.org/10.1007/978-1-4419-6646-9,http://link.springer.com/openurl?genre=book&isbn=978-1-4419-6646-9,"Statistics; Statistics for Life Sciences, Medicine, Health Sciences; Epidemiology",Springer New York,Springer
An Introduction to Statistical Learning,"Gareth James, Daniela Witten, Trevor Hastie, Robert Tibshirani",2013,Graduate/advanced undergraduate textbook,2013,Springer Science+Business Media New York,978-1-4614-7137-0,978-1-4614-7138-7,EN,English/International,11649,Mathematics and Statistics,,1431-875X,2197-4136,Springer Texts in Statistics,103,http://doi.org/10.1007/978-1-4614-7138-7,http://link.springer.com/openurl?genre=book&isbn=978-1-4614-7138-7,"Statistics; Statistical Theory and Methods; Statistics and Computing/Statistics Programs; Statistics, general",Springer New York,Springer
Statistical Learning from a Regression Perspective,Richard A. Berk,2nd ed. 2016,Graduate/advanced undergraduate textbook,2016,"Springer International Publishing AG, part of Springer Nature",978-3-319-44047-7,978-3-319-44048-4,EN,English/International,11649,Mathematics and Statistics,,1431-875X,2197-4136,Springer Texts in Statistics,,http://doi.org/10.1007/978-3-319-44048-4,http://link.springer.com/openurl?genre=book&isbn=978-3-319-44048-4,"Statistics; Statistical Theory and Methods; Probability Theory and Stochastic Processes; Statistics for Social Science, Behavorial Science, Education, Public Policy, and Law; Public Health; Psychological Methods/Evaluation; Methodology of the Social Sciences",Springer International Publishing,Springer
Applied Partial Differential Equations,J. David Logan,3rd ed. 2015,Undergraduate textbook,2015,Springer International Publishing Switzerland,978-3-319-12492-6,978-3-319-12493-3,EN,English/International,11649,Mathematics and Statistics,,0172-6056,2197-5604,Undergraduate Texts in Mathematics,,http://doi.org/10.1007/978-3-319-12493-3,http://link.springer.com/openurl?genre=book&isbn=978-3-319-12493-3,Mathematics; Partial Differential Equations; Mathematical Methods in Physics; Community & Population Ecology,Springer International Publishing,Springer
Regression Modeling Strategies,"Frank E. Harrell , Jr.",2nd ed. 2015,Graduate/advanced undergraduate textbook,2015,Springer International Publishing Switzerland,978-3-319-19424-0,978-3-319-19425-7,EN,English/International,11649,Mathematics and Statistics,,0172-7397,2197-568X,Springer Series in Statistics,,http://doi.org/10.1007/978-3-319-19425-7,http://link.springer.com/openurl?genre=book&isbn=978-3-319-19425-7,"Statistics; Statistical Theory and Methods; Statistics for Life Sciences, Medicine, Health Sciences; Statistics and Computing/Statistics Programs",Springer International Publishing,Springer
Applied Quantitative Finance,"Wolfgang Karl Härdle, Cathy Yi-Hsuan Chen, Ludger Overbeck",3rd ed. 2017,Graduate/advanced undergraduate textbook,2017,Springer-Verlag GmbH Germany,978-3-662-54485-3,978-3-662-54486-0,EN,English/International,11649,Mathematics and Statistics,,1431-8784,2197-1706,Statistics and Computing,,http://doi.org/10.1007/978-3-662-54486-0,http://link.springer.com/openurl?genre=book&isbn=978-3-662-54486-0,Statistics; Statistics for Business/Economics/Mathematical Finance/Insurance; Quantitative Finance; Risk Management; Business Finance,Springer Berlin Heidelberg,Springer
A Modern Introduction to Probability and Statistics,"F.M. Dekking, C. Kraaikamp, H.P. Lopuhaä, L.E. Meester",2005,Undergraduate textbook,2005,Springer-Verlag London,978-1-85233-896-1,978-1-84628-168-6,EN,English/International,11649,Mathematics and Statistics,,1431-875X,2197-4136,Springer Texts in Statistics,,http://doi.org/10.1007/1-84628-168-7,http://link.springer.com/openurl?genre=book&isbn=978-1-84628-168-6,"Mathematics; Probability Theory and Stochastic Processes; Statistics for Engineering, Physics, Computer Science, Chemistry and Earth Sciences; Mathematical and Computational Engineering",Springer London,Springer
Complex Analysis,"Joseph Bak, Donald J. Newman",3rd ed. 2010,Undergraduate textbook,2010,"Springer Science+Business Media, LLC",978-1-4419-7287-3,978-1-4419-7288-0,EN,English/International,11649,Mathematics and Statistics,,0172-6056,2197-5604,Undergraduate Texts in Mathematics,,http://doi.org/10.1007/978-1-4419-7288-0,http://link.springer.com/openurl?genre=book&isbn=978-1-4419-7288-0,Mathematics; Analysis,Springer New York,Springer
Calculus With Applications,"Peter D. Lax, Maria Shea Terrell",2nd ed. 2014,Undergraduate textbook,2014,Springer Science+Business Media New York,978-1-4614-7945-1,978-1-4614-7946-8,EN,English/International,11649,Mathematics and Statistics,,0172-6056,2197-5604,Undergraduate Texts in Mathematics,,http://doi.org/10.1007/978-1-4614-7946-8,http://link.springer.com/openurl?genre=book&isbn=978-1-4614-7946-8,Mathematics; Calculus,Springer New York,Springer
Fundamentals of Clinical Trials,"Lawrence M. Friedman, Curt D. Furberg, David L. DeMets, David M. Reboussin, Christopher B. Granger",5th ed. 2015,Graduate/advanced undergraduate textbook,2015,Springer International Publishing Switzerland,978-3-319-18538-5,978-3-319-18539-2,EN,English/International,11649,Mathematics and Statistics,,,,,,http://doi.org/10.1007/978-3-319-18539-2,http://link.springer.com/openurl?genre=book&isbn=978-3-319-18539-2,"Statistics; Statistics for Life Sciences, Medicine, Health Sciences; Public Health; Epidemiology; Cancer Research; Oncology",Springer International Publishing,Springer
Applied Predictive Modeling,"Max Kuhn, Kjell Johnson",2013,Graduate/advanced undergraduate textbook,2013,Springer Science+Business Media New York,978-1-4614-6848-6,978-1-4614-6849-3,EN,English/International,11649,Mathematics and Statistics,,,,,,http://doi.org/10.1007/978-1-4614-6849-3,http://link.springer.com/openurl?genre=book&isbn=978-1-4614-6849-3,"Statistics; Statistics for Life Sciences, Medicine, Health Sciences; Statistics and Computing/Statistics Programs; Statistics, general",Springer New York,Springer
Real Analysis,"Miklós Laczkovich, Vera T. Sós",1st ed. 2015,Undergraduate textbook,2015,Springer New York,978-1-4939-2765-4,978-1-4939-2766-1,EN,English/International,11649,Mathematics and Statistics,,0172-6056,2197-5604,Undergraduate Texts in Mathematics,,http://doi.org/10.1007/978-1-4939-2766-1,http://link.springer.com/openurl?genre=book&isbn=978-1-4939-2766-1,Mathematics; Analysis,Springer New York,Springer
Probability Theory,Achim Klenke,2nd ed. 2014,Graduate/advanced undergraduate textbook,2014,Springer-Verlag London,978-1-4471-5360-3,978-1-4471-5361-0,EN,English/International,11649,Mathematics and Statistics,,0172-5939,2191-6675,Universitext,,http://doi.org/10.1007/978-1-4471-5361-0,http://link.springer.com/openurl?genre=book&isbn=978-1-4471-5361-0,Mathematics; Probability Theory and Stochastic Processes; Measure and Integration; Dynamical Systems and Ergodic Theory; Functional Analysis; Complex Systems; Statistical Physics and Dynamical Systems,Springer London,Springer
Bayesian Essentials with R,"Jean-Michel Marin, Christian P. Robert",2nd ed. 2014,Graduate/advanced undergraduate textbook,2014,Springer Science+Business Media New York,978-1-4614-8686-2,978-1-4614-8687-9,EN,English/International,11649,Mathematics and Statistics,,1431-875X,2197-4136,Springer Texts in Statistics,,http://doi.org/10.1007/978-1-4614-8687-9,http://link.springer.com/openurl?genre=book&isbn=978-1-4614-8687-9,Statistics; Statistics and Computing/Statistics Programs; Statistical Theory and Methods,Springer New York,Springer
Abstract Algebra,Gregory T. Lee,1st ed. 2018,Undergraduate textbook,2018,"Springer International Publishing AG, part of Springer Nature",978-3-319-77648-4,978-3-319-77649-1,EN,English/International,11649,Mathematics and Statistics,,1615-2085,2197-4144,Springer Undergraduate Mathematics Series,,http://doi.org/10.1007/978-3-319-77649-1,http://link.springer.com/openurl?genre=book&isbn=978-3-319-77649-1,Mathematics; Group Theory and Generalizations; Associative Rings and Algebras; Field Theory and Polynomials,Springer International Publishing,Springer
Applied Linear Algebra,"Peter J. Olver, Chehrzad Shakiban",2nd ed. 2018,Undergraduate textbook,2018,Springer Nature Switzerland AG,978-3-319-91040-6,978-3-319-91041-3,EN,English/International,11649,Mathematics and Statistics,,0172-6056,2197-5604,Undergraduate Texts in Mathematics,,http://doi.org/10.1007/978-3-319-91041-3,http://link.springer.com/openurl?genre=book&isbn=978-3-319-91041-3,"Mathematics; Linear and Multilinear Algebras, Matrix Theory; Mathematical Applications in the Physical Sciences",Springer International Publishing,Springer
Proofs from THE BOOK,"Martin Aigner, Günter M. Ziegler",6th ed. 2018,Undergraduate textbook,2018,"Springer-Verlag GmbH Germany, part of Springer Nature",978-3-662-57264-1,978-3-662-57265-8,EN,English/International,11649,Mathematics and Statistics,,,,,,http://doi.org/10.1007/978-3-662-57265-8,http://link.springer.com/openurl?genre=book&isbn=978-3-662-57265-8,Mathematics; Number Theory; Geometry; Analysis; Combinatorics; Graph Theory; Mathematics of Computing,Springer Berlin Heidelberg,Springer
A Pythagorean Introduction to Number Theory,Ramin Takloo-Bighash,1st ed. 2018,Undergraduate textbook,2018,Springer Nature Switzerland AG,978-3-030-02603-5,978-3-030-02604-2,EN,English/International,11649,Mathematics and Statistics,,0172-6056,2197-5604,Undergraduate Texts in Mathematics,,http://doi.org/10.1007/978-3-030-02604-2,http://link.springer.com/openurl?genre=book&isbn=978-3-030-02604-2,Mathematics; Number Theory,Springer International Publishing,Springer
Database Marketing,"Robert C. Blattberg, Byung-Do Kim, Scott A. Neslin",2008,Undergraduate textbook,2008,Springer-Verlag New York,978-0-387-72578-9,978-0-387-72579-6,EN,English/International,11643,Business and Economics,,0923-6716,2199-1057,International Series in Quantitative Marketing,18,http://doi.org/10.1007/978-0-387-72579-6,http://link.springer.com/openurl?genre=book&isbn=978-0-387-72579-6,Business and Management; Market Research/Competitive Intelligence; Marketing; Management; Innovation/Technology Management,Springer New York,Springer
Microeconomics,Peter Dorman,2014,Undergraduate textbook,2014,Springer-Verlag Berlin Heidelberg,978-3-642-37433-3,978-3-642-37434-0,EN,English/International,11643,Business and Economics,,2192-4333,2192-4341,Springer Texts in Business and Economics,,http://doi.org/10.1007/978-3-642-37434-0,http://link.springer.com/openurl?genre=book&isbn=978-3-642-37434-0,Economics; Microeconomics; International Political Economy,Springer Berlin Heidelberg,Springer
Design Research in Information Systems,"Alan Hevner, Samir Chatterjee",2010,Graduate/advanced undergraduate textbook,2010,"Springer Science+Business Media, LLC",978-1-4419-5652-1,978-1-4419-5653-8,EN,English/International,11643,Business and Economics,,1571-0270,2197-7968,Integrated Series in Information Systems,22,http://doi.org/10.1007/978-1-4419-5653-8,http://link.springer.com/openurl?genre=book&isbn=978-1-4419-5653-8,Business and Management; IT in Business; Management of Computing and Information Systems; Information Systems and Communication Service; Models and Principles; Information Systems Applications (incl.Internet); e-Commerce/e-business,Springer US,Springer
Strategic International Management,"Dirk Morschett, Hanna Schramm-Klein, Joachim Zentes",2nd ed. 2010,German textbook,2010,"Gabler Verlag | Springer Fachmedien Wiesbaden GmbH, Wiesbaden",978-3-8349-2535-0,978-3-8349-6331-4,EN,English/International,11643,Business and Economics,,,,,,http://doi.org/10.1007/978-3-8349-6331-4,http://link.springer.com/openurl?genre=book&isbn=978-3-8349-6331-4,Business and Management; Business Strategy/Leadership; Management; Marketing,Gabler Verlag,Gabler Verlag
International Trade Theory and Policy,Giancarlo Gandolfo,2nd ed. 2014,Graduate/advanced undergraduate textbook,2014,Springer-Verlag Berlin · Heidelberg,978-3-642-37313-8,978-3-642-37314-5,EN,English/International,11643,Business and Economics,,2192-4333,2192-4341,Springer Texts in Business and Economics,,http://doi.org/10.1007/978-3-642-37314-5,http://link.springer.com/openurl?genre=book&isbn=978-3-642-37314-5,Economics; International Economics; European Integration; Political Economy/Economic Policy,Springer Berlin Heidelberg,Springer
Supply Chain Management and Advanced Planning,"Hartmut Stadtler, Christoph Kilger, Herbert Meyr",5th ed. 2015,Graduate/advanced undergraduate textbook,2015,Springer-Verlag Berlin Heidelberg,978-3-642-55308-0,978-3-642-55309-7,EN,English/International,11643,Business and Economics,,2192-4333,2192-4341,Springer Texts in Business and Economics,,http://doi.org/10.1007/978-3-642-55309-7,http://link.springer.com/openurl?genre=book&isbn=978-3-642-55309-7,"Business and Management; Supply Chain Management; Operations Management; IT in Business; Engineering Economics, Organization, Logistics, Marketing",Springer Berlin Heidelberg,Springer
Strategic International Management,"Dirk Morschett, Hanna Schramm-Klein, Joachim Zentes",3rd ed. 2015,Graduate/advanced undergraduate textbook,2015,Springer Fachmedien Wiesbaden,978-3-658-07883-6,978-3-658-07884-3,EN,English/International,11643,Business and Economics,,,,,,http://doi.org/10.1007/978-3-658-07884-3,http://link.springer.com/openurl?genre=book&isbn=978-3-658-07884-3,"Business and Management; Business Strategy/Leadership; Business and Management, general; Management",Springer Fachmedien Wiesbaden,Springer Gabler
Search Methodologies,"Edmund K. Burke, Graham Kendall",2nd ed. 2014,Graduate/advanced undergraduate textbook,2014,Springer Science+Business Media New York,978-1-4614-6939-1,978-1-4614-6940-7,EN,English/International,11643,Business and Economics,,,,,,http://doi.org/10.1007/978-1-4614-6940-7,http://link.springer.com/openurl?genre=book&isbn=978-1-4614-6940-7,"Business and Management; Operations Research/Decision Theory; Operations Research, Management Science",Springer US,Springer
Linear Programming,Robert J Vanderbei,4th ed. 2014,Graduate/advanced undergraduate textbook,2014,Springer Science+Business Media New York,978-1-4614-7629-0,978-1-4614-7630-6,EN,English/International,11643,Business and Economics,,0884-8289,2214-7934,International Series in Operations Research & Management Science,196,http://doi.org/10.1007/978-1-4614-7630-6,http://link.springer.com/openurl?genre=book&isbn=978-1-4614-7630-6,"Business and Management; Operations Research/Decision Theory; Operations Research, Management Science; Optimization",Springer US,Springer
Corporate Social Responsibility,"John O. Okpara, Samuel O. Idowu",2013,Undergraduate textbook,2013,Springer-Verlag Berlin Heidelberg,978-3-642-40974-5,978-3-642-40975-2,EN,English/International,11643,Business and Economics,,2196-7075,2196-7083,"CSR, Sustainability, Ethics & Governance",,http://doi.org/10.1007/978-3-642-40975-2,http://link.springer.com/openurl?genre=book&isbn=978-3-642-40975-2,Business and Management; Business Ethics; Public Administration; Business Strategy/Leadership,Springer Berlin Heidelberg,Springer
Electronic Commerce,"Efraim Turban, David King, Jae Kyu Lee, Ting-Peng Liang, Deborrah C. Turban",8th ed. 2015,Graduate/advanced undergraduate textbook,2015,Springer International Publishing Switzerland,978-3-319-10090-6,978-3-319-10091-3,EN,English/International,11643,Business and Economics,,2192-4333,2192-4341,Springer Texts in Business and Economics,,http://doi.org/10.1007/978-3-319-10091-3,http://link.springer.com/openurl?genre=book&isbn=978-3-319-10091-3,Business and Management; IT in Business; Operations Research/Decision Theory,Springer International Publishing,Springer
Econometrics,Badi H. Baltagi,5th ed. 2011,Graduate/advanced undergraduate textbook,2011,Springer-Verlag Berlin Heidelberg,978-3-642-20058-8,978-3-642-20059-5,EN,English/International,11643,Business and Economics,,2192-4333,2192-4341,Springer Texts in Business and Economics,,http://doi.org/10.1007/978-3-642-20059-5,http://link.springer.com/openurl?genre=book&isbn=978-3-642-20059-5,"Economics; Econometrics; Statistics for Social Science, Behavorial Science, Education, Public Policy, and Law; Economic Theory/Quantitative Economics/Mathematical Methods; Game Theory, Economics, Social and Behav. Sciences",Springer Berlin Heidelberg,Springer
Logistics,"Harald Gleissner, J. Christian Femerling",2013,Graduate/advanced undergraduate textbook,2013,Springer International Publishing Switzerland,978-3-319-01768-6,978-3-319-01769-3,EN,English/International,11643,Business and Economics,,2192-4333,2192-4341,Springer Texts in Business and Economics,,http://doi.org/10.1007/978-3-319-01769-3,http://link.springer.com/openurl?genre=book&isbn=978-3-319-01769-3,"Business and Management; Operations Management; Engineering Economics, Organization, Logistics, Marketing; Organization",Springer International Publishing,Springer
New Introduction to Multiple Time Series Analysis,Helmut Lütkepohl,2005,Graduate/advanced undergraduate textbook,2005,Springer-Verlag Berlin Heidelberg,978-3-540-40172-8,978-3-540-27752-1,EN,English/International,11643,Business and Economics,,,,,,http://doi.org/10.1007/978-3-540-27752-1,http://link.springer.com/openurl?genre=book&isbn=978-3-540-27752-1,Economics; Econometrics; Statistics for Business/Economics/Mathematical Finance/Insurance; Mathematical and Computational Engineering,Springer Berlin Heidelberg,Springer
Game Theory,Hans Peters,2nd ed. 2015,Undergraduate textbook,2015,Springer-Verlag Berlin Heidelberg,978-3-662-46949-1,978-3-662-46950-7,EN,English/International,11643,Business and Economics,,2192-4333,2192-4341,Springer Texts in Business and Economics,,http://doi.org/10.1007/978-3-662-46950-7,http://link.springer.com/openurl?genre=book&isbn=978-3-662-46950-7,"Economics; Game Theory; Game Theory, Economics, Social and Behav. Sciences; Operations Research/Decision Theory; Microeconomics",Springer Berlin Heidelberg,Springer
Physical Asset Management,Nicholas Anthony John Hastings,2nd ed. 2015,Graduate/advanced undergraduate textbook,2015,Springer International Publishing Switzerland,978-3-319-14776-5,978-3-319-14777-2,EN,English/International,11643,Business and Economics,,,,,,http://doi.org/10.1007/978-3-319-14777-2,http://link.springer.com/openurl?genre=book&isbn=978-3-319-14777-2,"Economics; Industrial Organization; Quality Control, Reliability, Safety and Risk; Accounting/Auditing; Operations Management",Springer International Publishing,Springer
Linear and Nonlinear Programming,"David G. Luenberger, Yinyu Ye",4th ed. 2016,Graduate/advanced undergraduate textbook,2016,Springer International Publishing Switzerland,978-3-319-18841-6,978-3-319-18842-3,EN,English/International,41169,Business and Management,,0884-8289,2214-7934,International Series in Operations Research & Management Science,228,http://doi.org/10.1007/978-3-319-18842-3,http://link.springer.com/openurl?genre=book&isbn=978-3-319-18842-3,"Business and Management; Operations Research/Decision Theory; Operations Research, Management Science; Mathematical Modeling and Industrial Mathematics; Engineering Economics, Organization, Logistics, Marketing",Springer International Publishing,Springer
Enterprise Risk Management Models,"David L. Olson, Desheng Dash Wu",2nd ed. 2017,Graduate/advanced undergraduate textbook,2017,Springer-Verlag GmbH Germany,978-3-662-53784-8,978-3-662-53785-5,EN,English/International,41169,Business and Management,,2192-4333,2192-4341,Springer Texts in Business and Economics,,http://doi.org/10.1007/978-3-662-53785-5,http://link.springer.com/openurl?genre=book&isbn=978-3-662-53785-5,Business and Management; Operations Management; Risk Management,Springer Berlin Heidelberg,Springer
Introduction to Electronic Commerce and Social Commerce,"Efraim Turban, Judy Whiteside, David King, Jon Outland",4th ed. 2017,Undergraduate textbook,2017,Springer International Publishing AG,978-3-319-50090-4,978-3-319-50091-1,EN,English/International,41169,Business and Management,,2192-4333,2192-4341,Springer Texts in Business and Economics,,http://doi.org/10.1007/978-3-319-50091-1,http://link.springer.com/openurl?genre=book&isbn=978-3-319-50091-1,Business and Management; e-Business/e-Commerce; Business Information Systems,Springer International Publishing,Springer
Business Process Management Cases,"Jan vom Brocke, Jan Mendling",1st ed. 2018,Graduate/advanced undergraduate textbook,2018,Springer International Publishing AG,978-3-319-58306-8,978-3-319-58307-5,EN,English/International,41169,Business and Management,,2192-8096,2192-810X,Management for Professionals,,http://doi.org/10.1007/978-3-319-58307-5,http://link.springer.com/openurl?genre=book&isbn=978-3-319-58307-5,"Business and Management; Business Process Management; Information Systems Applications (incl.Internet); Business Information Systems; Organization; Organizational Studies, Economic Sociology",Springer International Publishing,Springer
Social Media Management,Amy Van Looy,1st ed. 2016,Undergraduate textbook,2016,Springer International Publishing Switzerland,978-3-319-21989-9,978-3-319-21990-5,EN,English/International,41169,Business and Management,,2192-4333,2192-4341,Springer Texts in Business and Economics,,http://doi.org/10.1007/978-3-319-21990-5,http://link.springer.com/openurl?genre=book&isbn=978-3-319-21990-5,Business and Management; Media Management; IT in Business; Marketing; e-Commerce/e-business; Human Resource Management,Springer International Publishing,Springer
Multinational Management,Rien Segers,1st ed. 2016,Graduate/advanced undergraduate textbook,2016,Springer International Publishing Switzerland,978-3-319-23011-5,978-3-319-23012-2,EN,English/International,41169,Business and Management,,,,,,http://doi.org/10.1007/978-3-319-23012-2,http://link.springer.com/openurl?genre=book&isbn=978-3-319-23012-2,Business and Management; International Business,Springer International Publishing,Springer
Leadership Today,"Joan Marques, Satinder Dhiman",1st ed. 2017,Graduate/advanced undergraduate textbook,2017,Springer International Publishing Switzerland,978-3-319-31034-3,978-3-319-31036-7,EN,English/International,41169,Business and Management,,2192-4333,2192-4341,Springer Texts in Business and Economics,,http://doi.org/10.1007/978-3-319-31036-7,http://link.springer.com/openurl?genre=book&isbn=978-3-319-31036-7,Business and Management; Business Strategy/Leadership; Organization; Human Resource Development,Springer International Publishing,Springer
Sustainable Supply Chains,"Yann Bouchery, Charles J. Corbett, Jan C. Fransoo, Tarkan Tan",1st ed. 2017,Graduate/advanced undergraduate textbook,2017,"Yann Bouchery, Charles J. Corbett, Jan C. Fransoo, and Tarkan Tan",978-3-319-29789-7,978-3-319-29791-0,EN,English/International,41169,Business and Management,,2365-6395,2365-6409,Springer Series in Supply Chain Management,4,http://doi.org/10.1007/978-3-319-29791-0,http://link.springer.com/openurl?genre=book&isbn=978-3-319-29791-0,Business and Management; Operations Research/Decision Theory; Supply Chain Management; Procurement,Springer International Publishing,Springer
Strategic Retail Management,"Joachim Zentes, Dirk Morschett, Hanna Schramm-Klein",3rd ed. 2017,Undergraduate textbook,2017,Springer Fachmedien Wiesbaden GmbH,978-3-658-10182-4,978-3-658-10183-1,EN,English/International,41169,Business and Management,,,,,,http://doi.org/10.1007/978-3-658-10183-1,http://link.springer.com/openurl?genre=book&isbn=978-3-658-10183-1,Business and Management; Trade; Sales/Distribution; Marketing,Springer Fachmedien Wiesbaden,Springer Gabler
"Travel Marketing, Tourism Economics and the Airline Product",Mark Anthony Camilleri,1st ed. 2018,Graduate/advanced undergraduate textbook,2018,Springer International Publishing AG,978-3-319-49848-5,978-3-319-49849-2,EN,English/International,41169,Business and Management,,2510-4993,2510-5000,"Tourism, Hospitality & Event Management",,http://doi.org/10.1007/978-3-319-49849-2,http://link.springer.com/openurl?genre=book&isbn=978-3-319-49849-2,Business and Management; Tourism Management; Marketing; Media and Communication,Springer International Publishing,Springer
Electronic Commerce 2018,"Efraim Turban, Jon Outland, David King, Jae Kyu Lee, Ting-Peng Liang, Deborrah C. Turban",9th ed. 2018,Graduate/advanced undergraduate textbook,2018,The Editor(s) (if applicable) and The Author(s),978-3-319-58714-1,978-3-319-58715-8,EN,English/International,41169,Business and Management,,2192-4333,2192-4341,Springer Texts in Business and Economics,,http://doi.org/10.1007/978-3-319-58715-8,http://link.springer.com/openurl?genre=book&isbn=978-3-319-58715-8,Business and Management; e-Business/e-Commerce; Business Information Systems; Operations Research/Decision Theory,Springer International Publishing,Springer
Market Research,"Erik Mooi, Marko Sarstedt, Irma Mooi-Reci",1st ed. 2018,Graduate/advanced undergraduate textbook,2018,Springer Nature Singapore Pte Ltd.,978-981-10-5217-0,978-981-10-5218-7,EN,English/International,41169,Business and Management,,2192-4333,2192-4341,Springer Texts in Business and Economics,,http://doi.org/10.1007/978-981-10-5218-7,http://link.springer.com/openurl?genre=book&isbn=978-981-10-5218-7,Business and Management; Market Research/Competitive Intelligence; Statistics for Business/Economics/Mathematical Finance/Insurance; Knowledge Management,Springer Singapore,Springer
Managing Sustainable Business,"Gilbert G. Lenssen, N. Craig Smith",1st ed. 2019,Graduate/advanced undergraduate textbook,2019,"Springer Science+Business Media B.V., part of Springer Nature",978-94-024-1142-3,978-94-024-1144-7,EN,English/International,41169,Business and Management,,,,,,http://doi.org/10.1007/978-94-024-1144-7,http://link.springer.com/openurl?genre=book&isbn=978-94-024-1144-7,"Business and Management; Business Ethics; Administration, Organization and Leadership; Business Strategy/Leadership; Emerging Markets/Globalization",Springer Netherlands,Springer
Knowledge Management,"Klaus North, Gita Kumta",2nd ed. 2018,Graduate/advanced undergraduate textbook,2018,"Springer International Publishing AG, part of Springer Nature",978-3-319-59977-9,978-3-319-59978-6,EN,English/International,41169,Business and Management,,2192-4333,2192-4341,Springer Texts in Business and Economics,,http://doi.org/10.1007/978-3-319-59978-6,http://link.springer.com/openurl?genre=book&isbn=978-3-319-59978-6,Business and Management; Knowledge Management; Innovation/Technology Management; Organization; Industrial Organization,Springer International Publishing,Springer
Customer Relationship Management,"V. Kumar, Werner Reinartz",3rd ed. 2018,Graduate/advanced undergraduate textbook,2018,"Springer-Verlag GmbH Germany, part of Springer Nature",978-3-662-55380-0,978-3-662-55381-7,EN,English/International,41169,Business and Management,,2192-4333,2192-4341,Springer Texts in Business and Economics,,http://doi.org/10.1007/978-3-662-55381-7,http://link.springer.com/openurl?genre=book&isbn=978-3-662-55381-7,Business and Management; Customer Relationship Management; Big Data/Analytics; Business Strategy/Leadership,Springer Berlin Heidelberg,Springer
Strategic Human Resource Management and Employment Relations,Ashish Malik,1st ed. 2018,Graduate/advanced undergraduate textbook,2018,Springer Nature Singapore Pte Ltd.,978-981-13-0398-2,978-981-13-0399-9,EN,English/International,41169,Business and Management,,2192-4333,2192-4341,Springer Texts in Business and Economics,,http://doi.org/10.1007/978-981-13-0399-9,http://link.springer.com/openurl?genre=book&isbn=978-981-13-0399-9,Business and Management; Human Resource Management; Organization; Business Strategy/Leadership,Springer Singapore,Springer
Entertainment Science,"Thorsten Hennig-Thurau, Mark B. Houston",1st ed. 2019,Graduate/advanced undergraduate textbook,2019,"Springer International Publishing AG, part of Springer Nature",978-3-319-89290-0,978-3-319-89292-4,EN,English/International,41169,Business and Management,,,,,,http://doi.org/10.1007/978-3-319-89292-4,http://link.springer.com/openurl?genre=book&isbn=978-3-319-89292-4,Business and Management; Media Management; Market Research/Competitive Intelligence; Popular Science in Business and Management; Big Data/Analytics,Springer International Publishing,Springer
Analytical Corporate Finance,Angelo Corelli,2nd ed. 2018,Graduate/advanced undergraduate textbook,2018,Springer Nature Switzerland AG,978-3-319-95761-6,978-3-319-95762-3,EN,English/International,41169,Business and Management,,2192-4333,2192-4341,Springer Texts in Business and Economics,,http://doi.org/10.1007/978-3-319-95762-3,http://link.springer.com/openurl?genre=book&isbn=978-3-319-95762-3,Business and Management; Business Finance; Risk Management; Quantitative Finance; Financial Engineering; Financial Accounting,Springer International Publishing,Springer
A Concise Guide to Market Research,"Marko Sarstedt, Erik Mooi",3rd ed. 2019,Undergraduate textbook,2019,"Springer-Verlag GmbH Germany, part of Springer Nature",978-3-662-56706-7,978-3-662-56707-4,EN,English/International,41169,Business and Management,,2192-4333,2192-4341,Springer Texts in Business and Economics,,http://doi.org/10.1007/978-3-662-56707-4,http://link.springer.com/openurl?genre=book&isbn=978-3-662-56707-4,Business and Management; Marketing; Management; Statistics for Business/Economics/Mathematical Finance/Insurance,Springer Berlin Heidelberg,Springer
Global Supply Chain and Operations Management,"Dmitry Ivanov, Alexander Tsipoulanidis, Jörn Schönberger",2nd ed. 2019,Graduate/advanced undergraduate textbook,2019,Springer Nature Switzerland AG,978-3-319-94312-1,978-3-319-94313-8,EN,English/International,41169,Business and Management,,2192-4333,2192-4341,Springer Texts in Business and Economics,,http://doi.org/10.1007/978-3-319-94313-8,http://link.springer.com/openurl?genre=book&isbn=978-3-319-94313-8,Business and Management; Operations Management; Operations Research/Decision Theory,Springer International Publishing,Springer
International Business Management,"Kamal Fatehi, Jeongho Choi",2nd ed. 2019,Graduate/advanced undergraduate textbook,2019,Springer Nature Switzerland AG,978-3-319-96621-2,978-3-319-96622-9,EN,English/International,41169,Business and Management,,2192-4333,2192-4341,Springer Texts in Business and Economics,,http://doi.org/10.1007/978-3-319-96622-9,http://link.springer.com/openurl?genre=book&isbn=978-3-319-96622-9,Business and Management; Cross-Cultural Management; Business Strategy/Leadership; Human Resource Management; Business Information Systems,Springer International Publishing,Springer
Excel Data Analysis,Hector Guerrero,2nd ed. 2019,Graduate/advanced undergraduate textbook,2019,Springer Nature Switzerland AG,978-3-030-01278-6,978-3-030-01279-3,EN,English/International,41169,Business and Management,,,,,,http://doi.org/10.1007/978-3-030-01279-3,http://link.springer.com/openurl?genre=book&isbn=978-3-030-01279-3,Business and Management; Operations Research/Decision Theory; Probability Theory and Stochastic Processes; Statistics for Business/Economics/Mathematical Finance/Insurance; Organization; Business Mathematics; IT in Business,Springer International Publishing,Springer
Digital Business Models,Bernd W. Wirtz,1st ed. 2019,Graduate/advanced undergraduate textbook,2019,Springer Nature Switzerland AG,978-3-030-13004-6,978-3-030-13005-3,EN,English/International,41169,Business and Management,,2196-8705,2196-8713,Progress in IS,,http://doi.org/10.1007/978-3-030-13005-3,http://link.springer.com/openurl?genre=book&isbn=978-3-030-13005-3,Business and Management; e-Business/e-Commerce; e-Commerce/e-business; Organization; Innovation/Technology Management; Entrepreneurship,Springer International Publishing,Springer
Social Marketing in Action,"Debra Z. Basil, Gonzalo Diaz-Meneses, Michael D. Basil",1st ed. 2019,Graduate/advanced undergraduate textbook,2019,Springer Nature Switzerland AG,978-3-030-13019-0,978-3-030-13020-6,EN,English/International,41169,Business and Management,,2192-4333,2192-4341,Springer Texts in Business and Economics,,http://doi.org/10.1007/978-3-030-13020-6,http://link.springer.com/openurl?genre=book&isbn=978-3-030-13020-6,Business and Management; Consumer Behavior; Market Research/Competitive Intelligence; Management Education,Springer International Publishing,Springer
Essentials of Business Analytics,"Bhimasankaram Pochiraju, Sridhar Seshadri",1st ed. 2019,Graduate/advanced undergraduate textbook,2019,Springer Nature Switzerland AG,978-3-319-68836-7,978-3-319-68837-4,EN,English/International,41169,Business and Management,,0884-8289,2214-7934,International Series in Operations Research & Management Science,264,http://doi.org/10.1007/978-3-319-68837-4,http://link.springer.com/openurl?genre=book&isbn=978-3-319-68837-4,Business and Management; Operations Research/Decision Theory; Statistics for Business/Economics/Mathematical Finance/Insurance; Big Data/Analytics,Springer International Publishing,Springer
Introduction to Evolutionary Computing,"A.E. Eiben, J.E. Smith",2nd ed. 2015,Undergraduate textbook,2015,Springer-Verlag Berlin Heidelberg,978-3-662-44873-1,978-3-662-44874-8,EN,English/International,11645,Computer Science,,1619-7127,,Natural Computing Series,,http://doi.org/10.1007/978-3-662-44874-8,http://link.springer.com/openurl?genre=book&isbn=978-3-662-44874-8,Computer Science; Computational Intelligence; Theory of Computation; Robotics and Automation; Optimization,Springer Berlin Heidelberg,Springer
Data Structures and Algorithms with Python,"Kent D. Lee, Steve Hubbard",2015,Undergraduate textbook,2015,Springer International Publishing Switzerland,978-3-319-13071-2,978-3-319-13072-9,EN,English/International,11645,Computer Science,,1863-7310,2197-1781,Undergraduate Topics in Computer Science,,http://doi.org/10.1007/978-3-319-13072-9,http://link.springer.com/openurl?genre=book&isbn=978-3-319-13072-9,Computer Science; Data Structures; Python; Algorithm Analysis and Problem Complexity; Programming Techniques,Springer International Publishing,Springer
LaTeX in 24 Hours,Dilip Datta,1st ed. 2017,Graduate/advanced undergraduate textbook,2017,Springer International Publishing AG,978-3-319-47830-2,978-3-319-47831-9,EN,English/International,11645,Computer Science,,,,,,http://doi.org/10.1007/978-3-319-47831-9,http://link.springer.com/openurl?genre=book&isbn=978-3-319-47831-9,Popular Science; Popular Computer Science; Programming Techniques,Springer International Publishing,Springer
Automata and Computability,Dexter C. Kozen,1997,Undergraduate textbook,1997,Springer Science+Business Media New York,978-0-387-94907-9,978-1-4612-1844-9,EN,English/International,11645,Computer Science,,,,Undergraduate Texts in Computer Science,,http://doi.org/10.1007/978-1-4612-1844-9,http://link.springer.com/openurl?genre=book&isbn=978-1-4612-1844-9,Computer Science; Computation by Abstract Devices; Algorithm Analysis and Problem Complexity,Springer New York,Springer
The Algorithm Design Manual,Steven S Skiena,2nd ed. 2008,Graduate/advanced undergraduate textbook,2008,Springer-Verlag London Limited,978-1-84800-069-8,978-1-84800-070-4,EN,English/International,11645,Computer Science,,,,,,http://doi.org/10.1007/978-1-84800-070-4,http://link.springer.com/openurl?genre=book&isbn=978-1-84800-070-4,Computer Science; Software Engineering/Programming and Operating Systems; Programming Techniques; Algorithm Analysis and Problem Complexity; Theory of Computation; Algorithms; Discrete Mathematics in Computer Science,Springer London,Springer
Principles of Data Mining,Max Bramer,3rd ed. 2016,Undergraduate textbook,2016,Springer-Verlag London Ltd.,978-1-4471-7306-9,978-1-4471-7307-6,EN,English/International,11645,Computer Science,,1863-7310,2197-1781,Undergraduate Topics in Computer Science,,http://doi.org/10.1007/978-1-4471-7307-6,http://link.springer.com/openurl?genre=book&isbn=978-1-4471-7307-6,Computer Science; Information Storage and Retrieval; Database Management; Programming Techniques,Springer London,Springer
Fundamentals of Business Process Management,"Marlon Dumas, Marcello La Rosa, Jan Mendling, Hajo A. Reijers",2013,Graduate/advanced undergraduate textbook,2013,Springer-Verlag Berlin Heidelberg,978-3-642-33142-8,978-3-642-33143-5,EN,English/International,11645,Computer Science,,,,,,http://doi.org/10.1007/978-3-642-33143-5,http://link.springer.com/openurl?genre=book&isbn=978-3-642-33143-5,Computer Science; Computer Appl. in Administrative Data Processing; Business Process Management; Information Systems Applications (incl.Internet); Software Engineering,Springer Berlin Heidelberg,Springer
UML @ Classroom,"Martina Seidl, Marion Scholz, Christian Huemer, Gerti Kappel",2015,Undergraduate textbook,2015,Springer International Publishing Switzerland,978-3-319-12741-5,978-3-319-12742-2,EN,English/International,11645,Computer Science,,1863-7310,2197-1781,Undergraduate Topics in Computer Science,,http://doi.org/10.1007/978-3-319-12742-2,http://link.springer.com/openurl?genre=book&isbn=978-3-319-12742-2,Computer Science; Software Engineering; Management of Computing and Information Systems,Springer International Publishing,Springer
Foundations for Designing User-Centered Systems,"Frank E. Ritter, Gordon D. Baxter, Elizabeth F. Churchill",2014,Undergraduate textbook,2014,Springer-Verlag London,978-1-4471-5133-3,978-1-4471-5134-0,EN,English/International,11645,Computer Science,,,,,,http://doi.org/10.1007/978-1-4471-5134-0,http://link.springer.com/openurl?genre=book&isbn=978-1-4471-5134-0,Computer Science; User Interfaces and Human Computer Interaction; Software Engineering,Springer London,Springer
Computer Vision,Richard Szeliski,2011,Undergraduate textbook,2011,Springer-Verlag London Limited,978-1-84882-934-3,978-1-84882-935-0,EN,English/International,11645,Computer Science,,1868-0941,1868-095X,Texts in Computer Science,,http://doi.org/10.1007/978-1-84882-935-0,http://link.springer.com/openurl?genre=book&isbn=978-1-84882-935-0,Computer Science; Image Processing and Computer Vision,Springer London,Springer
Data Mining,Charu C. Aggarwal,2015,Graduate/advanced undergraduate textbook,2015,"Springer International Publishing AG, part of Springer Nature",978-3-319-14141-1,978-3-319-14142-8,EN,English/International,11645,Computer Science,,,,,,http://doi.org/10.1007/978-3-319-14142-8,http://link.springer.com/openurl?genre=book&isbn=978-3-319-14142-8,Computer Science; Data Mining and Knowledge Discovery; Pattern Recognition,Springer International Publishing,Springer
Computational Geometry,"Mark de Berg, Otfried Cheong, Marc van Kreveld, Mark Overmars",3rd ed. 2008,Graduate/advanced undergraduate textbook,2008,"Springer-Verlag GmbH Germany, part of Springer Nature",978-3-540-77973-5,978-3-540-77974-2,EN,English/International,11645,Computer Science,,,,,,http://doi.org/10.1007/978-3-540-77974-2,http://link.springer.com/openurl?genre=book&isbn=978-3-540-77974-2,"Computer Science; Theory of Computation; Geometry; Math Applications in Computer Science; Earth Sciences, general; Computer Graphics; Algorithm Analysis and Problem Complexity",Springer Berlin Heidelberg,Springer
Cryptography Made Simple,Nigel Smart,1st ed. 2016,Undergraduate textbook,2016,Springer International Publishing Switzerland,978-3-319-21935-6,978-3-319-21936-3,EN,English/International,11645,Computer Science,,1619-7100,2197-845X,Information Security and Cryptography,,http://doi.org/10.1007/978-3-319-21936-3,http://link.springer.com/openurl?genre=book&isbn=978-3-319-21936-3,"Computer Science; Data Structures, Cryptology and Information Theory; Mathematics of Computing; Security Science and Technology; Discrete Mathematics",Springer International Publishing,Springer
Eye Tracking Methodology,Andrew T. Duchowski,3rd ed. 2017,Graduate/advanced undergraduate textbook,2017,Springer International Publishing AG,978-3-319-57881-1,978-3-319-57883-5,EN,English/International,11645,Computer Science,,,,,,http://doi.org/10.1007/978-3-319-57883-5,http://link.springer.com/openurl?genre=book&isbn=978-3-319-57883-5,Computer Science; User Interfaces and Human Computer Interaction; Computer Graphics; Special Purpose and Application-Based Systems; Computer Appl. in Social and Behavioral Sciences,Springer International Publishing,Springer
The Data Science Design Manual,Steven S. Skiena,1st ed. 2017,Undergraduate textbook,2017,The Author(s),978-3-319-55443-3,978-3-319-55444-0,EN,English/International,11645,Computer Science,,1868-0941,1868-095X,Texts in Computer Science,,http://doi.org/10.1007/978-3-319-55444-0,http://link.springer.com/openurl?genre=book&isbn=978-3-319-55444-0,Computer Science; Data Mining and Knowledge Discovery; Pattern Recognition; Big Data/Analytics; Visualization; Statistics and Computing/Statistics Programs,Springer International Publishing,Springer
An Introduction to Machine Learning,Miroslav Kubat,2nd ed. 2017,Undergraduate textbook,2017,Springer International Publishing AG,978-3-319-63912-3,978-3-319-63913-0,EN,English/International,11645,Computer Science,,,,,,http://doi.org/10.1007/978-3-319-63913-0,http://link.springer.com/openurl?genre=book&isbn=978-3-319-63913-0,Computer Science; Data Mining and Knowledge Discovery; Big Data/Analytics; Computational Intelligence,Springer International Publishing,Springer
Guide to Discrete Mathematics,Gerard O'Regan,1st ed. 2016,Undergraduate textbook,2016,Springer International Publishing Switzerland,978-3-319-44560-1,978-3-319-44561-8,EN,English/International,11645,Computer Science,,1868-0941,1868-095X,Texts in Computer Science,,http://doi.org/10.1007/978-3-319-44561-8,http://link.springer.com/openurl?genre=book&isbn=978-3-319-44561-8,Computer Science; Discrete Mathematics in Computer Science; Arithmetic and Logic Structures; Logics and Meanings of Programs; History of Computing; Mathematical Applications in Computer Science; Math Applications in Computer Science,Springer International Publishing,Springer
Modelling Computing Systems,"Faron Moller, Georg Struth",2013,Undergraduate textbook,2013,Springer-Verlag London,978-1-84800-321-7,978-1-84800-322-4,EN,English/International,11645,Computer Science,,1863-7310,2197-1781,Undergraduate Topics in Computer Science,,http://doi.org/10.1007/978-1-84800-322-4,http://link.springer.com/openurl?genre=book&isbn=978-1-84800-322-4,Computer Science; Logics and Meanings of Programs; Mathematical Logic and Formal Languages; Discrete Mathematics in Computer Science; Math Applications in Computer Science,Springer London,Springer
Understanding Cryptography,"Christof Paar, Jan Pelzl",2010,Undergraduate textbook,2010,Springer-Verlag Berlin Heidelberg,978-3-642-04100-6,978-3-642-04101-3,EN,English/International,11645,Computer Science,,,,,,http://doi.org/10.1007/978-3-642-04101-3,http://link.springer.com/openurl?genre=book&isbn=978-3-642-04101-3,"Computer Science; Data Structures, Cryptology and Information Theory; Programming Techniques; Communications Engineering, Networks; Circuits and Systems",Springer Berlin Heidelberg,Springer
Concise Guide to Software Engineering,Gerard O'Regan,1st ed. 2017,Undergraduate textbook,2017,Springer International Publishing AG,978-3-319-57749-4,978-3-319-57750-0,EN,English/International,11645,Computer Science,,1863-7310,2197-1781,Undergraduate Topics in Computer Science,,http://doi.org/10.1007/978-3-319-57750-0,http://link.springer.com/openurl?genre=book&isbn=978-3-319-57750-0,Computer Science; Software Engineering; Computer Engineering; Software Management; Mathematical Software,Springer International Publishing,Springer
Fundamentals of Multimedia,"Ze-Nian Li, Mark S. Drew, Jiangchuan Liu",2nd ed. 2014,Graduate/advanced undergraduate textbook,2014,Springer International Publishing Switzerland,978-3-319-05289-2,978-3-319-05290-8,EN,English/International,11645,Computer Science,,1868-0941,1868-095X,Texts in Computer Science,,http://doi.org/10.1007/978-3-319-05290-8,http://link.springer.com/openurl?genre=book&isbn=978-3-319-05290-8,Computer Science; Image Processing and Computer Vision; Computer Communication Networks; Information Storage and Retrieval; Database Management,Springer International Publishing,Springer
The Python Workbook,Ben Stephenson,2014,Undergraduate textbook,2014,Springer International Publishing Switzerland,978-3-319-14239-5,978-3-319-14240-1,EN,English/International,11645,Computer Science,,,,,,http://doi.org/10.1007/978-3-319-14240-1,http://link.springer.com/openurl?genre=book&isbn=978-3-319-14240-1,"Computer Science; Programming Languages, Compilers, Interpreters; Python; Computational Intelligence",Springer International Publishing,Springer
Recommender Systems,Charu C. Aggarwal,1st ed. 2016,Graduate/advanced undergraduate textbook,2016,Springer International Publishing Switzerland,978-3-319-29657-9,978-3-319-29659-3,EN,English/International,11645,Computer Science,,,,,,http://doi.org/10.1007/978-3-319-29659-3,http://link.springer.com/openurl?genre=book&isbn=978-3-319-29659-3,Computer Science; Data Mining and Knowledge Discovery,Springer International Publishing,Springer
Python Programming Fundamentals,Kent D. Lee,2nd ed. 2014,Undergraduate textbook,2014,Springer-Verlag London,978-1-4471-6641-2,978-1-4471-6642-9,EN,English/International,11645,Computer Science,,1863-7310,2197-1781,Undergraduate Topics in Computer Science,,http://doi.org/10.1007/978-1-4471-6642-9,http://link.springer.com/openurl?genre=book&isbn=978-1-4471-6642-9,"Computer Science; Programming Languages, Compilers, Interpreters; Python",Springer London,Springer
"Object-Oriented Analysis, Design and Implementation","Brahma Dathan, Sarnath Ramnath",2nd ed. 2015,Graduate/advanced undergraduate textbook,2015,Universities Press (India) Private Ltd.,978-3-319-24278-1,978-3-319-24280-4,EN,English/International,11645,Computer Science,,1863-7310,2197-1781,Undergraduate Topics in Computer Science,,http://doi.org/10.1007/978-3-319-24280-4,http://link.springer.com/openurl?genre=book&isbn=978-3-319-24280-4,Computer Science; Programming Techniques,Springer International Publishing,Springer
Introduction to Data Science,"Laura Igual, Santi Seguí",1st ed. 2017,Undergraduate textbook,2017,Springer International Publishing Switzerland,978-3-319-50016-4,978-3-319-50017-1,EN,English/International,11645,Computer Science,,1863-7310,2197-1781,Undergraduate Topics in Computer Science,,http://doi.org/10.1007/978-3-319-50017-1,http://link.springer.com/openurl?genre=book&isbn=978-3-319-50017-1,Computer Science; Data Mining and Knowledge Discovery; Probability and Statistics in Computer Science; Pattern Recognition; Statistics and Computing/Statistics Programs,Springer International Publishing,Springer
Concise Guide to Databases,"Peter Lake, Paul Crowther",2013,Undergraduate textbook,2013,Springer-Verlag London,978-1-4471-5600-0,978-1-4471-5601-7,EN,English/International,11645,Computer Science,,1863-7310,2197-1781,Undergraduate Topics in Computer Science,,http://doi.org/10.1007/978-1-4471-5601-7,http://link.springer.com/openurl?genre=book&isbn=978-1-4471-5601-7,"Computer Science; Database Management; Information Storage and Retrieval; Data Structures, Cryptology and Information Theory; Software Engineering/Programming and Operating Systems",Springer London,Springer
Digital Image Processing,"Wilhelm Burger, Mark J. Burge",2nd ed. 2016,Undergraduate textbook,2016,Springer-Verlag London,978-1-4471-6683-2,978-1-4471-6684-9,EN,English/International,11645,Computer Science,,1868-0941,1868-095X,Texts in Computer Science,,http://doi.org/10.1007/978-1-4471-6684-9,http://link.springer.com/openurl?genre=book&isbn=978-1-4471-6684-9,"Computer Science; Image Processing and Computer Vision; Signal, Image and Speech Processing; Computational Intelligence",Springer London,Springer
Guide to Computer Network Security,Joseph Migga Kizza,4th ed. 2017,Undergraduate textbook,2017,Springer International Publishing AG,978-3-319-55605-5,978-3-319-55606-2,EN,English/International,11645,Computer Science,,1617-7975,2197-8433,Computer Communications and Networks,,http://doi.org/10.1007/978-3-319-55606-2,http://link.springer.com/openurl?genre=book&isbn=978-3-319-55606-2,Computer Science; Information Storage and Retrieval; Data Storage Representation; Management of Computing and Information Systems; Computer Communication Networks,Springer International Publishing,Springer
Foundations of Programming Languages,Kent D. Lee,2nd ed. 2017,Undergraduate textbook,2017,Springer International Publishing AG,978-3-319-70789-1,978-3-319-70790-7,EN,English/International,11645,Computer Science,,1863-7310,2197-1781,Undergraduate Topics in Computer Science,,http://doi.org/10.1007/978-3-319-70790-7,http://link.springer.com/openurl?genre=book&isbn=978-3-319-70790-7,"Computer Science; Programming Languages, Compilers, Interpreters; Control Structures and Microprogramming; Mathematical and Computational Engineering",Springer International Publishing,Springer
Probability and Statistics for Computer Science,David Forsyth,1st ed. 2018,Undergraduate textbook,2018,Springer International Publishing AG,978-3-319-64409-7,978-3-319-64410-3,EN,English/International,11645,Computer Science,,,,,,http://doi.org/10.1007/978-3-319-64410-3,http://link.springer.com/openurl?genre=book&isbn=978-3-319-64410-3,Computer Science; Probability and Statistics in Computer Science; Statistics and Computing/Statistics Programs,Springer International Publishing,Springer
Guide to Competitive Programming,Antti Laaksonen,1st ed. 2017,Undergraduate textbook,2017,"Springer International Publishing AG, part of Springer Nature",978-3-319-72546-8,978-3-319-72547-5,EN,English/International,11645,Computer Science,,1863-7310,2197-1781,Undergraduate Topics in Computer Science,,http://doi.org/10.1007/978-3-319-72547-5,http://link.springer.com/openurl?genre=book&isbn=978-3-319-72547-5,Computer Science; Programming Techniques; Algorithm Analysis and Problem Complexity; Professional Computing; Algorithms; Computers and Education,Springer International Publishing,Springer
Introduction to Artificial Intelligence,Wolfgang Ertel,2nd ed. 2017,Undergraduate textbook,2017,Springer International Publishing AG,978-3-319-58486-7,978-3-319-58487-4,EN,English/International,11645,Computer Science,,1863-7310,2197-1781,Undergraduate Topics in Computer Science,,http://doi.org/10.1007/978-3-319-58487-4,http://link.springer.com/openurl?genre=book&isbn=978-3-319-58487-4,Computer Science,Springer International Publishing,Springer
Introduction to Deep Learning,Sandro Skansi,1st ed. 2018,Undergraduate textbook,2018,"Springer International Publishing AG, part of Springer Nature",978-3-319-73003-5,978-3-319-73004-2,EN,English/International,11645,Computer Science,,1863-7310,2197-1781,Undergraduate Topics in Computer Science,,http://doi.org/10.1007/978-3-319-73004-2,http://link.springer.com/openurl?genre=book&isbn=978-3-319-73004-2,Computer Science; Pattern Recognition; Mathematical Models of Cognitive Processes and Neural Networks; Coding and Information Theory,Springer International Publishing,Springer
"A Beginner's Guide to Scala, Object Orientation and Functional Programming",John Hunt,2nd ed. 2018,Undergraduate textbook,2018,Springer International Publishing AG,978-3-319-75770-4,978-3-319-75771-1,EN,English/International,11645,Computer Science,,,,,,http://doi.org/10.1007/978-3-319-75771-1,http://link.springer.com/openurl?genre=book&isbn=978-3-319-75771-1,"Computer Science; Programming Techniques; Programming Languages, Compilers, Interpreters",Springer International Publishing,Springer
Fundamentals of Business Process Management,"Marlon Dumas, Marcello La Rosa, Jan Mendling, Hajo A. Reijers",2nd ed. 2018,Graduate/advanced undergraduate textbook,2018,"Springer-Verlag GmbH Germany, part of Springer Nature",978-3-662-56508-7,978-3-662-56509-4,EN,English/International,11645,Computer Science,,,,,,http://doi.org/10.1007/978-3-662-56509-4,http://link.springer.com/openurl?genre=book&isbn=978-3-662-56509-4,Computer Science; Computer Appl. in Administrative Data Processing; Business Process Management; Information Systems Applications (incl.Internet); Software Engineering,Springer Berlin Heidelberg,Springer
Guide to Scientific Computing in C++,"Joe Pitt-Francis, Jonathan Whiteley",2nd ed. 2017,Undergraduate textbook,2017,"Springer International Publishing AG, part of Springer Nature",978-3-319-73131-5,978-3-319-73132-2,EN,English/International,11645,Computer Science,,1863-7310,2197-1781,Undergraduate Topics in Computer Science,,http://doi.org/10.1007/978-3-319-73132-2,http://link.springer.com/openurl?genre=book&isbn=978-3-319-73132-2,"Computer Science; Programming Techniques; Numeric Computing; Programming Languages, Compilers, Interpreters; Math Applications in Computer Science; Software Engineering",Springer International Publishing,Springer
Fundamentals of Java Programming,Mitsunori Ogihara,1st ed. 2018,Undergraduate textbook,2018,Springer Nature Switzerland AG,978-3-319-89490-4,978-3-319-89491-1,EN,English/International,11645,Computer Science,,,,,,http://doi.org/10.1007/978-3-319-89491-1,http://link.springer.com/openurl?genre=book&isbn=978-3-319-89491-1,"Computer Science; Java; Programming Languages, Compilers, Interpreters; Programming Techniques",Springer International Publishing,Springer
Logical Foundations of Cyber-Physical Systems,André Platzer,1st ed. 2018,Graduate/advanced undergraduate textbook,2018,"Springer International Publishing AG, part of Springer Nature",978-3-319-63587-3,978-3-319-63588-0,EN,English/International,11645,Computer Science,,,,,,http://doi.org/10.1007/978-3-319-63588-0,http://link.springer.com/openurl?genre=book&isbn=978-3-319-63588-0,"Computer Science; Mathematical Logic and Formal Languages; Mathematical Logic and Foundations; Control, Robotics, Mechatronics; Quality Control, Reliability, Safety and Risk",Springer International Publishing,Springer
Introduction to Programming with Fortran,"Ian Chivers, Jane Sleightholme",4th ed. 2018,Graduate/advanced undergraduate textbook,2018,Springer Nature Switzerland AG,978-3-319-75501-4,978-3-319-75502-1,EN,English/International,11645,Computer Science,,,,,,http://doi.org/10.1007/978-3-319-75502-1,http://link.springer.com/openurl?genre=book&isbn=978-3-319-75502-1,"Computer Science; Programming Languages, Compilers, Interpreters; Programming Techniques; Software Engineering",Springer International Publishing,Springer
Neural Networks and Deep Learning,Charu C. Aggarwal,1st ed. 2018,Graduate/advanced undergraduate textbook,2018,"Springer International Publishing AG, part of Springer Nature",978-3-319-94462-3,978-3-319-94463-0,EN,English/International,11645,Computer Science,,,,,,http://doi.org/10.1007/978-3-319-94463-0,http://link.springer.com/openurl?genre=book&isbn=978-3-319-94463-0,Computer Science; Information Systems and Communication Service; Processor Architectures,Springer International Publishing,Springer
Data Science and Predictive Analytics,Ivo D. Dinov,1st ed. 2018,Graduate/advanced undergraduate textbook,2018,Ivo D. Dinov,978-3-319-72346-4,978-3-319-72347-1,EN,English/International,11645,Computer Science,,,,,,http://doi.org/10.1007/978-3-319-72347-1,http://link.springer.com/openurl?genre=book&isbn=978-3-319-72347-1,Computer Science; Big Data; Big Data/Analytics; Health Informatics; Probability and Statistics in Computer Science; Data Mining and Knowledge Discovery,Springer International Publishing,Springer
Systems Programming in Unix/Linux,K.C. Wang,1st ed. 2018,Undergraduate textbook,2018,Springer Nature Switzerland AG,978-3-319-92428-1,978-3-319-92429-8,EN,English/International,11645,Computer Science,,,,,,http://doi.org/10.1007/978-3-319-92429-8,http://link.springer.com/openurl?genre=book&isbn=978-3-319-92429-8,"Computer Science; Programming Techniques; Programming Languages, Compilers, Interpreters; Data Structures; Operating Systems",Springer International Publishing,Springer
Introduction to Parallel Computing,"Roman Trobec, Boštjan Slivnik, Patricio Bulić, Borut Robič",1st ed. 2018,Undergraduate textbook,2018,Springer Nature Switzerland AG,978-3-319-98832-0,978-3-319-98833-7,EN,English/International,11645,Computer Science,,1863-7310,2197-1781,Undergraduate Topics in Computer Science,,http://doi.org/10.1007/978-3-319-98833-7,http://link.springer.com/openurl?genre=book&isbn=978-3-319-98833-7,Computer Science; Programming Techniques; Processor Architectures; Control Structures and Microprogramming; Numeric Computing,Springer International Publishing,Springer
Analysis for Computer Scientists,"Michael Oberguggenberger, Alexander Ostermann",2nd ed. 2018,Undergraduate textbook,2018,Springer Nature Switzerland AG,978-3-319-91154-0,978-3-319-91155-7,EN,English/International,11645,Computer Science,,1863-7310,2197-1781,Undergraduate Topics in Computer Science,,http://doi.org/10.1007/978-3-319-91155-7,http://link.springer.com/openurl?genre=book&isbn=978-3-319-91155-7,Computer Science; Math Applications in Computer Science; Computational Mathematics and Numerical Analysis; Mathematical and Computational Engineering; Discrete Mathematics in Computer Science,Springer International Publishing,Springer
Introductory Computer Forensics,Xiaodong Lin,1st ed. 2018,Graduate/advanced undergraduate textbook,2018,Springer Nature Switzerland AG,978-3-030-00580-1,978-3-030-00581-8,EN,English/International,11645,Computer Science,,,,,,http://doi.org/10.1007/978-3-030-00581-8,http://link.springer.com/openurl?genre=book&isbn=978-3-030-00581-8,Computer Science; Security; Forensic Science; Cybercrime; Multimedia Information Systems,Springer International Publishing,Springer
Java in Two Semesters,"Quentin Charatan, Aaron Kans",4th ed. 2019,Undergraduate textbook,2019,Springer Nature Switzerland AG,978-3-319-99419-2,978-3-319-99420-8,EN,English/International,11645,Computer Science,,1868-0941,1868-095X,Texts in Computer Science,,http://doi.org/10.1007/978-3-319-99420-8,http://link.springer.com/openurl?genre=book&isbn=978-3-319-99420-8,"Computer Science; Programming Languages, Compilers, Interpreters; Java; Control Structures and Microprogramming; Computer System Implementation",Springer International Publishing,Springer
A Beginners Guide to Python 3 Programming,John Hunt,1st ed. 2019,Undergraduate textbook,2019,Springer Nature Switzerland AG,978-3-030-20289-7,978-3-030-20290-3,EN,English/International,11645,Computer Science,,1863-7310,2197-1781,Undergraduate Topics in Computer Science,,http://doi.org/10.1007/978-3-030-20290-3,http://link.springer.com/openurl?genre=book&isbn=978-3-030-20290-3,"Computer Science; Programming Languages, Compilers, Interpreters; Python; Database Management",Springer International Publishing,Springer
Advanced Guide to Python 3 Programming,John Hunt,1st ed. 2019,Undergraduate textbook,2019,Springer Nature Switzerland AG,978-3-030-25942-6,978-3-030-25943-3,EN,English/International,11645,Computer Science,,1863-7310,2197-1781,Undergraduate Topics in Computer Science,,http://doi.org/10.1007/978-3-030-25943-3,http://link.springer.com/openurl?genre=book&isbn=978-3-030-25943-3,"Computer Science; Programming Languages, Compilers, Interpreters; Python; Database Management",Springer International Publishing,Springer
System Dynamics,"Bilash Kanti Bala, Fatimah Mohamed Arshad, Kusairi Mohd Noh",1st ed. 2017,Graduate/advanced undergraduate textbook,2017,Springer Science+Business Media Singapore,978-981-10-2043-8,978-981-10-2045-2,EN,English/International,41170,Economics and Finance,,2192-4333,2192-4341,Springer Texts in Business and Economics,,http://doi.org/10.1007/978-981-10-2045-2,http://link.springer.com/openurl?genre=book&isbn=978-981-10-2045-2,Economics; Agricultural Economics; Mathematical Modeling and Industrial Mathematics; Mathematical and Computational Engineering; Industrial Organization,Springer Singapore,Springer
Principles of Microeconomics,Martin Kolmar,1st ed. 2017,Undergraduate textbook,2017,Springer International Publishing AG,978-3-319-57588-9,978-3-319-57589-6,EN,English/International,41170,Economics and Finance,,2192-4333,2192-4341,Springer Texts in Business and Economics,,http://doi.org/10.1007/978-3-319-57589-6,http://link.springer.com/openurl?genre=book&isbn=978-3-319-57589-6,Economics; Microeconomics; Behavioral/Experimental Economics; History of Economic Thought/Methodology; Game Theory; Institutional/Evolutionary Economics,Springer International Publishing,Springer
Time Series Econometrics,Klaus Neusser,1st ed. 2016,Graduate/advanced undergraduate textbook,2016,Springer International Publishing Switzerland,978-3-319-32861-4,978-3-319-32862-1,EN,English/International,41170,Economics and Finance,,2192-4333,2192-4341,Springer Texts in Business and Economics,,http://doi.org/10.1007/978-3-319-32862-1,http://link.springer.com/openurl?genre=book&isbn=978-3-319-32862-1,Economics; Econometrics; Macroeconomics/Monetary Economics//Financial Economics; Statistics for Business/Economics/Mathematical Finance/Insurance,Springer International Publishing,Springer
Stochastic Processes and Calculus,Uwe Hassler,1st ed. 2016,Graduate/advanced undergraduate textbook,2016,Springer International Publishing Switzerland,978-3-319-23427-4,978-3-319-23428-1,EN,English/International,41170,Economics and Finance,,2192-4333,2192-4341,Springer Texts in Business and Economics,,http://doi.org/10.1007/978-3-319-23428-1,http://link.springer.com/openurl?genre=book&isbn=978-3-319-23428-1,"Economics; Economic Theory/Quantitative Economics/Mathematical Methods; Statistics for Business/Economics/Mathematical Finance/Insurance; Quantitative Finance; Macroeconomics/Monetary Economics//Financial Economics; Econometrics; Game Theory, Economics, Social and Behav. Sciences",Springer International Publishing,Springer
Economics as Applied Ethics,Wilfred Beckerman,2nd ed. 2017,Undergraduate textbook,2017,The Editor(s) (if applicable) and The Author(s),978-3-319-50318-9,978-3-319-50319-6,EN,English/International,41170,Economics and Finance,,,,,,http://doi.org/10.1007/978-3-319-50319-6,http://link.springer.com/openurl?genre=book&isbn=978-3-319-50319-6,Economics; Social Choice/Welfare Economics/Public Choice; Economic Theory/Quantitative Economics/Mathematical Methods; Public Economics; International Political Economy,Springer International Publishing,Palgrave Macmillan